,ticker,period0,period1,period2,period3,period4,period5,period6,period7,period8
0,A,-2.3370010375976564,-4.676998138427734,-2.728005218505859,-0.47199859619140627,-2.927998352050781,-3.577001190185547,-5.022000122070312,-6.187001037597657,-6.878999328613281
1,AAL,-8.990001678466797,-8.549999237060547,-7.260000228881836,-11.15999984741211,-11.969999313354492,-11.609999656677246,-8.59000015258789,-12.119999885559082,-13.849999427795408
2,AAP,7.509004211425781,1.6570007324218636,-1.1819992065429688,-0.19700012207031248,-1.1399993896484375,0.6560028076171875,0.45300140380859377,-1.105999755859375,-1.5809997558593751
3,AAPL,-0.9554992675781251,-0.7515029907226562,0.6642478942871094,2.4047477722167967,4.097748565673828,3.511499786376953,3.2447502136230466,3.3837493896484374,4.568999862670899
4,ABBV,-2.0419967651367186,-5.562991333007813,-12.924994659423827,-20.88599090576172,-12.508997344970703,-10.610991668701173,-8.963995361328125,-6.155997467041016,-1.1769943237304688
5,ABC,8.454000091552734,8.885001373291015,-0.09899978637695313,-1.538001251220703,-2.0269981384277345,-1.3839981079101564,7.247002410888672,14.759001159667969,-4.390998077392578
6,ABMD,-0.28399505615234377,4.5700012207031255,6.417999267578126,1.646002197265625,-2.3219940185546872,-2.4040008544921876,-1.2909942626953126,-4.2610015869140625,-3.350001525878906
7,ABT,1.0659965515136718,5.508003234863281,0.34000167846679685,-2.0050071716308593,3.8409988403320314,1.8850044250488283,6.585003662109375,-0.8969993591308593,-0.13300018310546874
8,ACN,-1.0380157470702671,-1.4089981079101561,-17.945004272460938,-30.632005310058595,-18.121005249023437,-22.882998657226608,-7.136999511718728,8.024000549316407,-1.2369949340820767
9,ADBE,-29.852999877929687,-30.99999084472656,-41.423004150390646,-36.47200622558594,-28.871014404296876,-38.72599792480473,-33.21800842285156,-31.026010131835935,-33.14500732421875
10,ADI,6.843994140625,-4.131016540527344,-5.776004028320313,-5.3390052795410154,-1.6020027160644532,-9.687001037597657,0.12199859619140625,3.595995330810547,-3.9720016479492184
11,ADM,-3.6840068817138674,0.5050159454345703,-2.42100257873534,9.507002258300782,27.800004577636717,21.37000274658203,21.63300552368164,23.62400646209717,18.212007904052737
12,ADP,2.4400192260742184,1.0900054931640626,-1.743988037109375,0.18200225830078126,-8.15400390625,-8.31699676513672,-11.888996887207032,-30.032992553710947,-18.849998474121083
13,ADSK,-4.25799560546875,-8.666995239257814,-11.505999755859374,-14.820999145507812,-17.431996154785157,-14.81300048828125,-19.502001953125,-16.482000732421874,-11.638003540039064
14,AEE,1.5430000305175782,3.6649986267089845,5.5879974365234375,10.112998962402344,8.003999328613281,3.316999053955078,6.940999603271485,5.639997100830079,4.04699935913086
15,AEP,1.3680007934570313,1.9260032653808594,3.922999572753906,5.79900131225586,2.0550025939941405,4.822999572753906,3.212999725341797,4.208000946044923,5.263001251220703
16,AES,0.6020000457763672,0.11700000762939454,0.3340000152587891,0.4079999923706054,0.22599992752075196,0.3789999961853027,0.15599994659423827,0.21399993896484376,0.2869999885559082
17,AFL,24.653993606567408,7.043993759155273,21.758983993530272,32.71098403930666,21.55998573303225,20.418989562988283,24.198998260498048,23.56799602508545,20.30298919677732
18,AIG,-1.7459987640380858,-1.5909984588623047,1.5610013961791993,1.0359996795654298,2.0149999618530274,5.488001823425293,1.7259986877441407,5.152001190185547,3.223000717163086
19,AIZ,1.700999450683594,0.8169998168945312,1.1269973754882814,-1.0610031127929689,-0.38600311279296873,-1.5330047607421875,-1.1220001220703124,0.026995849609375,-1.299005126953125
20,AJG,-1.0199981689453126,-1.1319999694824219,-0.34799804687499997,0.5279998779296875,-0.39899749755859376,-0.6019996643066406,1.4080024719238282,0.8660011291503906,1.3069992065429688
21,AKAM,-5.033003997802723,-1.912002563476551,-1.2039978027343636,-2.718001556396473,-2.5320007324218636,-3.976999664306629,-4.550999450683582,-0.9890007019042855,-1.7580001831054575
22,ALB,-1.5189979553222657,-2.331999969482422,-5.039997863769531,-5.13599967956543,-6.526998901367187,-7.7459968566894535,-7.06999740600586,-8.12799949645996,-7.709000778198242
23,ALGN,-26.453013610839843,-57.99700775146485,-39.31501007080078,-35.434007263183595,-13.562033081054686,-42.57400970458993,-69.49400177001954,-85.31500091552734,-88.78599700927734
24,ALK,1.027003288269043,-3.628996467590332,-2.5659961700439453,-12.192996215820312,-5.241995429992675,-3.6699960708618162,-3.636004829406727,-1.028999328613304,-3.7459947586059568
25,ALL,-1.238001251220703,-0.8059982299804689,-1.4579986572265624,-1.8749984741210937,-0.010999298095703125,1.2259994506835938,0.13800125122070311,1.3780014038085937,1.3110023498535157
26,ALLE,3.673998260498047,1.8699989318847656,5.083000946044922,3.257996368408203,6.013999176025391,6.537995147705078,8.140998840332031,8.036000823974609,8.733998870849609
27,AMAT,5.394002914428711,4.891003036499023,2.3770038604736325,-0.7729961395263673,1.970001220703125,0.2170013427734375,5.138000869750976,4.925004959106445,4.039003753662109
28,AMCR,0.9190003871917725,1.307000494003296,1.7999998569488525,1.5980007648468015,1.768000555038452,2.3180002689361574,1.9540005207061766,1.7900002002716064,1.9249998569488527
29,AMD,-1.9079998016357422,-0.11500244140624999,-1.792001724243164,-7.60300178527832,-6.006002807617188,-3.4640010833740233,-5.7879993438720705,-6.388000869750976,-5.592000198364258
30,AME,0.8080017089843751,2.3510009765624997,0.9450012207031251,0.24200210571289063,3.0600028991699215,0.12400131225585938,-0.8959999084472656,-0.09799652099609375,-1.279998779296875
31,AMGN,-2.3679962158203125,1.4690002441406251,3.6930007934570312,4.5300048828125,5.099002075195312,5.330999755859375,3.979002380371094,1.0899993896484375,1.3899993896484375
32,AMP,-3.849005126953125,3.7149978637695313,-2.0080024719238283,-7.617999267578125,-5.552995300292958,-6.11300048828125,-6.758998107910156,-4.940998077392578,0.7239997863769532
33,AMT,-3.9429962158203122,-2.5439910888671875,-1.9110000610351563,-1.8349990844726562,2.4570022583007813,-10.548004150390625,-8.212994384765624,-7.878999328613282,-8.824995422363282
34,AMZN,465.2700927734375,362.66015625,198.13599853515623,249.21505126953124,58.90408935546875,155.63411865234374,388.39600830078126,384.8851318359375,259.2650146484375
35,ANET,0.3425003051757813,-29.11898040771487,-22.05999298095703,-10.0659912109375,-5.691000366210938,-24.331500244140624,-35.24348602294921,-5.674008178710937,-17.17499542236328
36,ANSS,11.107002258300781,12.479998779296874,6.893995666503907,0.4170028686523437,8.645001220703124,4.336996459960937,1.3439971923828125,4.800996398925781,0.054997253417968746
37,ANTM,11.1840087890625,13.820001220703123,24.979006958007812,18.272003173828125,6.243002319335938,11.655001831054687,18.501007080078125,18.49200439453123,17.161004638671876
38,AON,5.539996337890625,8.888002014160158,6.8689956665039285,13.153990173339844,8.60199432373047,-0.8069992065429688,11.50799560546875,12.405990600585938,11.120994567871094
39,AOS,-1.2270008087158204,-2.183001708984375,0.6209983825683594,-0.017000961303710937,-0.8420024871826172,-0.5000030517578126,-0.04200172424316406,-0.2670005798339844,-0.9900009155273438
40,APA,-0.23300018310546877,-0.25500011444091797,-0.2840000152587891,-0.3040000915527344,-0.33600006103515623,-0.37900009155273434,-0.31400012969970703,-0.3340000152587891,-0.3760000228881836
41,APD,1.2399993896484374,1.517999267578125,1.756999206542969,2.0089996337890623,1.3439987182617188,-0.444000244140625,-0.5230010986328125,-1.0090011596679687,-2.632000732421875
42,APH,-0.654996109008789,-1.4064971923828125,-3.54499397277832,-0.28899688720703126,0.8540023803710937,1.4250076293945313,2.9310089111328126,2.326002502441406,2.4190032958984373
43,APTV,-1.0799972534179687,-1.2700004577636719,-1.179998779296875,-2.7089996337890625,-3.847999572753906,-3.7900001525878904,-4.509999084472656,-0.0079986572265625,-0.71099853515625
44,ARE,4.432000732421875,13.85400390625,13.296990966796876,16.27099151611328,12.740998840332033,25.336000061035158,24.458995056152343,34.64899749755859,24.947999572753908
45,ATO,0.22200393676757812,1.0920043945312499,0.0030006408691406247,0.6330024719238281,-2.1240005493164062,-2.5589996337890626,-4.688999176025391,-3.8339996337890625,-3.4349990844726563
46,ATVI,-5.7330066680908205,1.1629913330078125,3.1489994049072267,4.124998092651367,0.7479965209960937,4.935992813110351,4.958998489379883,2.3839954376220702,-1.6020069122314566
47,AVB,0.31800231933593753,2.8810012817382815,6.734002685546875,14.062001037597657,13.58800048828125,11.319003295898437,14.65700225830078,12.634004211425781,8.268002319335938
48,AVGO,-18.663000488281273,-14.746997070312478,-9.121009826660156,-11.223001098632812,-16.473994445800784,-11.1550048828125,-9.233003234863281,-9.336007690429687,-23.527001953125
49,AVY,-5.573007965087891,-15.248007202148436,-20.719007873535155,-14.752998352050781,-18.518003845214846,-3.0100021362304688,-3.848004150390625,-1.4100006103515625,-1.2310028076171875
50,AWK,-2.283003234863281,-0.21000213623046876,6.15098876953125,12.280999755859375,12.93800048828125,15.289990234375,15.370999145507813,17.16900177001953,11.408998107910156
51,AXP,-2.1340011596679687,-1.8930015563964846,-19.071003723144532,-3.3149993896484373,-4.3470001220703125,-3.938001251220703,-1.7090003967285157,-1.55,-0.8590011596679689
52,AZO,4.03302001953125,13.080029296875,-7.88297119140625,10.384045410156249,-6.15897216796875,-12.839984130859374,-20.2859619140625,-18.80596923828125,-24.39996337890625
53,BA,0.077996826171875,-3.2,-4.053001403808594,-3.8599975585937503,-5.279995727539062,-5.18800048828125,-10.565995788574218,-16.49000244140625,-14.41199951171875
54,BAC,0.10200080871582032,0.8119998931884765,0.44800033569335934,1.771000289916992,0.9199993133544921,0.4389999389648437,0.042999267578125,0.21899986267089844,0.40099983215332025
55,BAX,5.625998687744141,10.55599594116211,-2.2460014343261716,-0.077001953125,-0.8900016784667968,-1.820001220703125,-1.5660018920898438,-1.072003173828125,-1.2760017395019532
56,BBWI,0.0,0.0,0.0,0.0,0.0,0.0,0.0,0.0,0.0
57,BBY,7.297999572753884,-15.94900817871096,-2.2789970397949673,-16.065994262695312,-2.873003387451195,-2.167997360229515,-19.565009689331077,-14.457003021240233,-10.586996459960938
58,BDX,-1.1660049438476563,2.8620010375976563,3.771003723144531,1.3370040893554689,-1.6379959106445314,-0.06300048828124999,3.083001708984375,1.7410018920898436,-3.686997985839844
59,BEN,0.22300052642822266,0.48999996185302735,-0.043999671936035156,0.5110002517700195,0.6590002059936524,0.5980001449584961,0.44100055694580076,0.4659999847412109,0.46200046539306644
60,BF.B,,,,,,,,,
61,BIIB,-5.173994445800782,-2.2260040283203124,-1.703999328613281,-3.2970046997070312,-2.474995422363281,-5.629002380371116,-9.980000305175803,-8.864002990722657,-0.38199462890624997
62,BIO,0.76199951171875,7.72999267578125,9.011996459960937,3.8859954833984376,3.2100006103515626,3.1760040283203126,3.246994018554687,6.486996459960938,1.4579925537109375
63,BK,-0.6430004119873047,-1.2770004272460938,-1.691000747680664,-2.31300048828125,-2.520000457763672,-2.0050003051757814,-1.1870006561279296,-1.2400005340576172,-1.5330005645751952
64,BKNG,-31.31201171875,-40.756005859375,-32.364990234375,20.337011718750002,-15.4419921875,-29.115014648437498,-10.6939697265625,-29.022973632812498,-34.9869873046875
65,BKR,-8.529002475738526,-7.300001430511474,-14.702001476287844,-30.888997173309324,-2.541999912261963,-3.809000301361084,-3.2180015563964846,-2.56800012588501,-4.055000877380372
66,BLK,-0.9809906005859376,-20.64100036621094,-10.425012207031251,2.376007080078125,-7.322003173828125,-11.741009521484374,-17.380987548828124,-43.09199829101563,-39.09099426269531
67,BLL,0.13499984741210938,0.4189987182617188,-1.470001220703125,-0.7590003967285156,-0.037999725341796874,0.7239986419677735,-1.639000701904297,-0.9289993286132812,-1.6529998779296875
68,BMY,-6.709002685546875,-6.053001785278321,-3.8870010375976567,5.7159980773925785,2.8360019683837887,1.115999984741211,0.6639995574951172,0.5150001525878906,0.4209999084472656
69,BR,0.744000244140625,1.1270034790039063,-0.786998748779297,-0.6479965209960937,-2.0309989929199217,-1.1339988708496094,-0.9200004577636719,-0.3339996337890625,-2.1480010986328124
70,BRK-B,3.0539978027343753,4.372996520996094,5.5940002441406245,7.371995544433593,1.667002868652344,2.390997314453125,1.4960037231445313,-0.7669967651367188,2.4959976196289064
71,BSX,-0.9079992294311523,2.300999069213867,3.924999237060547,2.5220005035400392,3.6879999160766603,2.284000205993652,2.745999336242676,1.158000373840332,1.653999328613281
72,BWA,-0.006999969482421876,-0.0020000457763671878,0.10700035095214844,0.12500038146972656,-0.18300018310546876,-0.2689994812011719,-0.4399993896484375,-0.21400032043457032,0.8279998779296875
73,BXP,-22.551998901367188,2.785002136230469,-20.430010223388663,6.38199691772461,3.609998321533203,9.871996307373047,10.206993103027344,9.20499420166018,17.41600036621096
74,C,0.7210079193115234,-16.873993682861325,-19.01899108886719,-21.91799201965332,-10.239987182617186,-5.761994552612305,0.28300628662109373,6.477000427246093,12.343006134033203
75,CAG,-6.609991455078125,-6.515988540649414,-6.463982391357422,-6.731980514526367,-5.35399169921875,-6.892986297607422,-7.674981307983399,-8.30598258972168,-7.274983215332032
76,CAH,-0.08899993896484375,-0.3709995269775391,-0.09300003051757813,-0.03699989318847656,-0.2649997711181641,-0.5129997253417968,-0.5680000305175782,-0.6889999389648438,-0.8869998931884766
77,CARR,1.0009998321533204,1.655999755859375,2.40000057220459,4.001999855041504,2.1700002670288083,2.4040002822875977,1.6800004959106445,2.168000793457031,2.3009994506835936
78,CAT,0.3529937744140625,-2.7000053405761717,0.675994873046875,-2.073002624511719,-1.905004119873047,-3.069005584716797,-7.315003204345703,-9.422005462646485,-8.968003845214843
79,CB,-0.2779998779296875,-1.4239974975585483,7.262998962402365,25.63100662231445,38.29600372314454,42.31500167846679,58.67500762939453,31.41300735473635,54.05701293945312
80,CBOE,3.9309967041015623,7.2909912109375,20.833999633789062,15.935993194580078,16.600992584228518,14.314990997314453,12.629991912841799,14.084000396728493,14.881997680664064
81,CBRE,10.98499641418457,25.83500061035156,22.826003646850587,37.73599624633789,50.50699996948242,35.32699623107908,34.37200012207031,27.829999923706055,17.269996261596656
82,CCI,1.19200439453125,4.43699951171875,11.087007141113281,19.10200347900393,11.524003601074218,23.16801605224609,-4.604998779296874,-1.1170059204101563,15.834999084472656
83,CCL,4.28900032043457,-4.200000381469704,-4.724001312255859,5.835000228881835,34.104004287719725,10.625,25.357004356384277,14.62700595855713,43.78600006103516
84,CDNS,-1.6640026092529296,-2.933003616333008,-4.579002761840821,-6.447000503540039,-4.235001754760742,-5.8700004577636715,-4.766999053955078,-2.9040004730224607,-5.4680015563964846
85,CDW,-1.5980010986328126,-1.157000732421875,5.67199935913086,1.2680038452148439,3.1800010681152346,5.676003265380859,-1.5060028076171876,-2.5250015258789062,-2.8790016174316406
86,CE,-1.4730033874511719,0.9599983215332031,-0.457000732421875,-3.4950027465820312,-5.745004272460937,-3.5470001220703122,-0.8930015563964843,-1.066002655029297,-2.2770011901855467
87,CERN,1.196007537841797,0.7000053405761718,2.5389938354492188,2.4879966735839845,1.2369987487792968,0.28100128173828126,1.5709999084472657,1.3280006408691405,3.158000946044922
88,CF,6.613008499145508,9.153005599975586,7.4630022048950195,6.140000534057617,-7.51300048828125,-5.617001914978028,-3.1130016326904526,0.9589996337890625,12.563999938964843
89,CFG,-9.34100112915039,-3.0059995651245117,-4.805000686645508,-5.109000015258789,-6.029000091552734,-4.8769996643066404,-5.203999710083008,-3.383000183105469,-1.6279994964599611
90,CHD,2.825001525878906,1.7549949645996092,0.8889984130859375,6.86099624633789,10.435002899169922,-3.233000946044922,1.1080009460449218,0.5220008850097656,-0.22300033569335936
91,CHRW,9.349990844726586,11.83398742675779,10.933008575439453,5.278997039794922,-4.1920013427734375,-15.638994598388672,-12.530007553100608,-13.971997833251953,-14.949001312255836
92,CHTR,-2.3050201416015623,-8.476016235351562,-5.789010620117187,-4.227011108398438,-7.057003784179687,-14.091000366210938,-6.531005859375,-10.32000732421875,-13.792999267578123
93,CI,-11.671005249023484,-11.200994873046875,-4.528004455566406,-4.9420013427734375,1.9739913940429688,-6.159994506835938,4.456999206542968,5.54100341796875,14.836988830566428
94,CINF,-2.7759963989257814,-10.468000030517578,-10.053997039794922,-2.9860000610351562,5.411001586914063,7.838003540039063,9.358001708984375,13.386002349853515,9.342002868652344
95,CL,-1.1629997253417967,-0.14199905395507814,0.5779983520507813,1.7950004577636718,-2.2769981384277345,-2.380998992919922,-0.5950004577636719,-0.2620025634765625,-0.7700019836425781
96,CLX,6.475006103515625,7.922001647949219,1.7690017700195313,9.893002319335938,9.310003662109375,10.499000549316406,10.645001220703126,9.000999450683594,11.59600372314453
97,CMA,0.5570003509521484,0.8,0.5339996337890625,2.119999694824219,1.955999755859375,0.18199996948242186,0.9080001831054687,1.648999786376953,1.679999542236328
98,CMCSA,0.2760005950927734,-0.9400005340576173,-0.49600067138671877,-0.18200035095214845,-0.28300056457519535,-0.32700042724609374,-0.395001220703125,-0.35300102233886715,-0.45799980163574217
99,CME,-5.821994018554688,1.0440048217773437,2.1579971313476562,0.8350006103515625,4.053005981445312,6.002998352050781,1.0260009765625,3.1889984130859377,0.807000732421875
100,CMG,-22.402990722656067,9.3590087890625,-15.334967041015627,-56.25700073242188,-36.90202026367187,-37.45,-13.8219970703125,-54.01198120117188,-61.51499633789063
101,CMI,2.8089935302734146,1.6909988403320542,0.307000732421875,-3.2300048828124996,-3.2229965209960936,2.456986999511719,5.679994201660156,10.370989990234374,8.85500030517578
102,CMS,-1.1709999084472658,-0.6700000762939453,-1.2850002288818358,0.10900077819824218,0.49000015258789065,-1.4779998779296875,0.07600059509277343,-0.6369998931884766,-1.0979991912841798
103,CNC,-1.170999526977539,0.0040000915527343755,0.08599929809570313,1.6240005493164062,-1.0479991912841795,0.5070014953613281,0.3730014801025391,6.747004318237304,5.419001770019531
104,CNP,12.105007171630882,22.624004936218263,27.39199848175049,28.192007637023924,32.5109968185425,29.94800586700442,40.836005783081056,37.23700027465825,33.23199329376223
105,COF,-0.6680007934570312,-0.8330005645751953,-1.730000305175781,-2.5630004882812503,-3.8890018463134766,-3.2480030059814453,-1.1959964752197267,-3.3699943542480466,-3.6540008544921876
106,COG,0.17399978637695312,0.17900028228759765,-0.0710000991821289,-0.36100006103515625,-0.33999977111816404,-0.16000003814697267,-0.12800025939941406,-0.11100006103515625,0.05600013732910156
107,COO,2.426007080078125,-4.324993896484375,-10.526989746093749,-8.187991333007835,-12.908999633789062,-8.197000122070312,-6.853994750976562,-7.7669921875000005,-11.789993286132812
108,COP,-0.9170013427734375,3.6530006408691404,2.9819992065429686,10.271997833251953,11.312000274658203,-0.6060016632080079,3.8079965591430662,4.60699691772461,0.6399980545043945
109,COST,-1.7639984130859376,-1.2809997558593749,-7.827005004882813,-11.07799377441404,-10.278002929687501,-13.378997802734375,-11.001998901367188,-12.711001586914062,-14.407995605468752
110,CPB,0.09299964904785156,-0.669000244140625,0.4279994964599609,0.9059993743896485,0.5169994354248046,0.3459995269775391,0.4589996337890625,0.06999969482421875,-0.07300033569335938
111,CPRT,-7.9780029296875,-6.376005554199218,-5.971001434326172,-11.862001037597656,-12.745997619628907,-7.976002502441407,-6.960002899169922,-9.728001403808593,-10.41500015258789
112,CRL,-2.7889938354492188,-1.9879928588867415,-4.198003387451172,-8.584999084472656,-13.757989501953146,-6.919992065429688,-7.644991302490234,-8.221994781494141,-10.430990600585938
113,CRM,-3.257008361816406,-4.018989562988281,-14.174017333984375,-55.63299865722654,0.1840095520019304,0.09900054931640626,-15.495994567871094,-2.620000457763672,-33.37600555419922
114,CSCO,3.0209983825683593,1.926000213623047,2.1069984436035156,2.718999481201172,7.5640003204345705,4.5479988098144535,5.683999633789062,4.610000991821289,3.8129997253417964
115,CSX,0.1953348159790039,4.261336708068848,2.9943309783935548,1.2163398742675782,-11.183664894104016,-21.776333427429197,-16.90799503326416,-8.374665641784679,-10.685665702819836
116,CTAS,-1.546002197265625,-3.3260040283203125,-4.722003173828125,-2.61400146484375,-4.644000244140625,-7.874005126953125,-6.669000244140625,-5.833001708984375,-7.883999633789063
117,CTLT,-19.73199920654296,-12.714001464843761,-13.006999969482422,-18.51100006103516,-26.733997344970717,-31.67299957275392,-42.629002380371105,-51.282999420166,-41.78200149536133
118,CTSH,0.2379993438720703,-0.3410030364990234,0.8330009460449218,-2.2160030364990235,-1.7290027618408204,0.6279979705810547,-2.289000701904297,-1.3910011291503905,-1.0580009460449218
119,CTVA,-0.19200153350830076,1.293001937866211,4.846997642517089,5.522998428344727,3.720000076293945,4.949999237060547,1.366998863220215,-0.1670022964477539,-4.316998100280762
120,CTXS,-3.234989929199219,-0.799005889892578,-7.939995574951173,-7.105001831054687,-5.085999298095703,7.202006530761719,0.089007568359375,3.9300010681152346,-0.3259925842285156
121,CVS,0.3859897613525391,-3.500006484985352,-5.633004760742188,-0.2810039520263672,-0.827001190185547,-0.40900535583496095,3.5729953765869142,5.049002456665039,2.9509990692138675
122,CVX,5.040008544921875,-7.877995300292969,-7.491993713378907,-32.74600448608398,2.2830001831054685,-10.935004425048817,21.016000747680664,11.333002853393555,-9.400991058349609
123,CZR,-2.282999610900879,-1.3809985160827636,-1.5649999618530273,-2.9550001144409177,-3.248000144958496,-3.088299369812012,-2.9479995727539063,-7.426998901367188,-8.279299354553222
124,D,6.030998992919922,7.943999481201172,6.847997283935547,7.511994934082031,10.022997283935547,10.484991455078125,11.613001251220703,11.861991882324219,13.205001068115235
125,DAL,2.4599939346313477,-14.453000450134287,-21.397995948791504,-35.543003845214855,-52.287000274658205,-56.008000373840325,-20.342998886108397,-31.83299732208252,-38.707996749877935
126,DD,1.8950031280517576,3.325001525878906,7.615001678466797,7.18200569152832,8.429001998901366,0.24499969482421874,-0.05099983215332032,-0.06999969482421875,0.6510005950927734
127,DE,-2.1159957885742187,-2.1029998779296877,-2.0649993896484373,-0.6900039672851563,-1.9599929809570311,-5.819000244140625,-15.476991271972656,-12.444001770019533,-10.754000854492189
128,DFS,-15.888000106811523,-1.7349971771240233,-4.391996383666992,17.92199935913086,17.92400550842285,42.41399917602539,10.891004943847657,-2.2210002899169923,-5.106997680664063
129,DG,0.39899444580078125,-4.0960021972656255,-3.4060058593750115,-4.877008056640625,-5.381005859375011,-6.348005676269532,-6.3049987792968745,-5.578001403808594,-6.716004943847656
130,DGX,1.223999786376953,2.0039962768554687,6.960997772216797,3.2449966430664063,3.348998260498047,3.0129959106445314,0.8629974365234374,1.1349983215332031,-1.5560012817382813
131,DHI,-0.4239994049072266,0.704998779296875,0.24799880981445313,-0.25800094604492185,0.4409992218017579,-1.6530014038085936,-2.081000518798828,-2.5240009307861326,-2.6810020446777343
132,DHR,3.858987426757858,-3.6629959106445087,9.149998474121093,14.371006774902344,25.66099395751953,16.852000427246093,20.0070068359375,34.519996643066406,39.21000366210938
133,DIS,-7.228990173339844,-4.085000610351563,-11.901998901367188,-9.138002014160156,-11.009001159667969,-10.230001831054688,-8.733999633789063,-9.652001953125,-8.176998901367186
134,DISCA,9.957008361816406,7.664004135131836,8.359004020690918,9.01700210571289,-6.579996681213368,-5.866996955871582,2.119999885559082,0.7880012512207031,-0.8699958801269531
135,DISCK,11.992996406555198,6.037000274658203,7.1919958114624025,7.627000236511231,-5.447998809814454,-4.342004013061524,3.5029998779296876,2.346998023986805,0.37000160217285155
136,DISH,1.4299999237060548,1.1949996948242188,1.3220003128051758,1.2069999694824218,1.2810001373291016,1.007999801635742,0.9890003204345703,0.9319999694824218,0.5399997711181641
137,DLR,1.9779922485351562,0.14200134277343748,-0.7060050964355469,2.4629966735839846,1.8729957580566405,-3.1219970703124997,-1.2570030212402343,-3.509001922607422,0.15399780273437502
138,DLTR,-6.206011962890625,18.480990600585937,9.311000061035156,4.193998718261719,3.434001159667969,13.316998291015647,12.77098922729492,12.069996643066382,7.833995819091796
139,DOV,-13.656004333496094,-23.925003814697266,-6.554000854492187,-5.054004669189453,-9.171005249023438,1.9340003967285155,-24.586997985839844,-3.9920021057128907,-3.282006072998047
140,DOW,-2.0700023651123045,0.23700027465820314,-6.792000579833984,-5.807001113891602,-4.497000122070313,-5.282000732421875,-5.526000595092773,-3.2520004272460943,-1.6370010375976562
141,DPZ,8.793008422851562,18.488995361328126,5.705996704101563,15.3929931640625,12.922000122070312,15.405999755859376,4.575997924804687,-10.508993530273438,0.43100280761718746
142,DRE,0.16299934387207032,0.9310001373291016,1.0849990844726562,1.0949989318847657,1.0749984741210936,1.0589988708496094,1.0159996032714844,1.309999656677246,0.6719993591308594
143,DRI,12.953997802734374,4.612989807128906,5.1719917297363285,1.2769950866699218,10.049996948242187,16.839002990722634,21.75999603271484,17.92200241088867,32.4969970703125
144,DTE,1.5217025756835938,0.6468093872070312,1.8748939514160154,1.4008514404296875,2.9931922912597657,3.622978973388672,2.7948944091796877,2.306382751464844,2.757447052001953
145,DUK,-1.7000076293945312,0.6819969177246094,-1.7640052795410157,1.6599990844726562,6.842999267578125,5.681000518798828,4.9899955749511715,-0.18199996948242186,-1.2190032958984374
146,DVA,-1.1110008239746094,-0.9890022277832031,0.7620018005371093,-0.6940010070800781,-1.876001739501953,9.51599578857422,0.1100006103515625,0.6930000305175781,-1.0369995117187498
147,DVN,0.7579998970031738,0.8659998416900634,1.1569999694824218,1.1229998588562011,1.1759999752044679,1.4239999294281005,0.7460000991821288,0.7789999008178711,0.8019999504089356
148,DXC,-10.534997749328614,-0.2909997940063476,0.18100013732910156,0.05300006866455078,-0.44099998474121094,-0.6119998931884765,-0.505000114440918,-0.31800003051757814,-0.2239999771118164
149,DXCM,-19.287014770507856,-37.436012268066406,-49.14902038574219,-72.94299316406251,-68.1620025634766,-71.78001556396484,-19.937017822265627,-72.93498992919922,-41.18600006103515
150,EA,5.044007110595703,2.563005065917969,5.603006744384766,-5.887995910644531,2.0579986572265625,-2.641001892089844,-5.424001312255859,-5.7800041198730465,-8.686002349853515
151,EBAY,-1.2630016326904296,-1.5869998931884768,-2.4110008239746095,-0.4790016174316406,-2.1600009918212892,-2.475000762939453,-2.318000030517578,-2.1200000762939455,0.6079996109008788
152,ECL,6.260003662109375,6.671003723144531,0.980999755859375,13.260998535156249,14.300001525878905,25.950994873046874,13.951004028320312,6.572001647949219,19.54300079345703
153,ED,1.2519912719726562,16.640003204345703,-12.534015655517578,-25.156002044677734,-19.41598129272461,-16.790003967285156,-17.586009216308593,-0.4109901428222656,25.17198867797851
154,EFX,0.98099365234375,-2.3440048217773435,-2.5780044555664063,-2.5690032958984377,-2.6740036010742188,-1.894004821777344,-3.3120040893554683,-3.3799995422363285,-2.7040046691894535
155,EIX,1.2089996337890625,-0.5380001068115234,-0.7270008087158203,-0.5030006408691406,-0.45600013732910155,-0.48400077819824217,-0.7020000457763672,-0.5930004119873047,-0.9410003662109374
156,EL,-12.409985351562499,-15.813998413085937,-17.837008666992187,-6.185009765625,-10.943998718261719,-9.028999328613258,2.0680007934570312,4.828001403808594,-0.5989944458007586
157,EMN,-0.7759979248046875,-2.477001190185547,-2.5810005187988283,-1.4759994506835938,-0.9249992370605469,-2.4649990081787108,-1.7129989624023438,0.41999969482421873,1.2550003051757812
158,EMR,-7.064997863769531,-10.643000411987305,1.7969955444335939,2.4810047149658203,11.244993209838867,14.498001861572266,16.28899726867676,12.822000122070312,20.776996994018553
159,ENPH,-14.19399299621582,-16.093005180358887,-32.55300331115723,-19.81000099182129,-30.647001647949217,-10.926000213623047,-32.41900081634522,-34.21400318145752,-26.30799961090088
160,EOG,1.2170001983642578,1.8950000762939452,2.588999938964844,2.3599998474121096,1.788998794555664,2.286000823974609,1.2799999237060549,3.0979999542236327,5.184999847412109
161,EQIX,31.330017089843746,-47.71301879882813,-110.53404541015625,-15.535064697265625,2.43597412109375,-53.87501220703125,150.58299560546874,54.58599853515626,19.667034912109376
162,EQR,-2.8699989318847656,-0.006998443603515625,-2.9989967346191406,-3.5799999237060542,-1.8219940185546872,-1.7059982299804686,-1.7429981231689453,-2.534998321533203,-1.5149993896484375
163,ES,2.216999053955078,-20.026004028320312,5.993999481201172,7.327999114990234,3.0019989013671875,1.9809989929199219,5.2099967956542965,1.8919998168945313,2.6159988403320313
164,ESS,2.576995849609375,-0.1439971923828125,-2.782000732421875,6.104998779296875,6.257998657226563,8.626000976562501,-2.6,1.2319976806640627,-0.3
165,ETN,-2.528004455566406,10.36299819946289,2.1409996032714846,1.6079994201660157,0.7880012512207031,-2.326001739501953,-0.7639968872070312,0.49199905395507815,3.401000213623047
166,ETR,11.059994506835938,5.269992828369164,13.780995178222657,24.17099609375,37.66299972534179,52.400997924804685,41.67599792480468,31.93099670410156,43.4
167,ETSY,-26.428717803955042,-48.53450660705567,-33.5523139953613,-16.49180870056152,-32.154218292236344,-37.81430015563971,18.002293395996094,-15.617406845092773,-52.62899932861329
168,EVRG,9.549999618530274,11.741001129150368,10.36600112915039,12.052010345458983,13.504004287719725,12.328001022338867,16.668000411987283,14.67400245666504,14.406997299194336
169,EW,-3.198669815063476,-1.2196624755859375,-7.589665603637695,-7.7783344268798835,-6.127998352050781,-5.157996368408203,-6.584666061401368,-5.706331634521485,-3.7709991455078127
170,EXC,-0.004999542236328125,-0.07099952697753907,-0.17399978637695312,-0.01199951171875,0.04500045776367187,-0.11099967956542968,-0.10900001525878907,-0.43099975585937494,-0.5329998016357422
171,EXPD,-1.915000915527344,-1.0630020141601562,-0.8390014648437499,-0.9570007324218749,-1.2970005035400392,-1.5019996643066407,-2.5359996795654296,-3.045000457763672,-3.3600013732910154
172,EXPE,0.6790035247802735,-0.0819976806640625,14.222996520996094,14.907005310058594,16.4620002746582,16.45900230407717,14.871002578735352,15.381002044677736,10.890002441406272
173,EXR,2.8299957275390626,2.741998291015625,1.5579978942871093,3.645001220703125,-1.4790008544921875,-4.616998291015625,-4.252996826171875,-3.9570007324218754,-4.2610008239746096
174,F,-1.2840015411376953,2.6560007095336915,3.6569995880126953,1.5560001373291015,5.640002012252808,3.9719986915588383,-1.5980017662048338,8.137000370025635,5.739999103546142
175,FANG,-28.814998817443836,-8.546001052856447,-9.79400177001953,-13.815999984741211,13.670998382568358,28.414002990722658,20.45800323486328,4.372993469238281,20.340004348754885
176,FAST,-7.911981582641602,-6.645003509521484,7.199004364013673,12.199003982543944,9.320007705688477,-1.2219982147216797,12.740992736816406,21.00899887084961,12.435000610351585
177,FB,-24.5230224609375,-26.002011108398438,-7.247978210449219,-44.21800842285156,-2.9470001220703126,-26.686022949218753,-20.31100921630859,-28.686004638671875,-29.894996643066406
178,FBHS,-0.16399612426757812,-1.172003173828125,-7.5360069274902335,-13.006999206542968,-11.344998550415038,-20.20100288391113,-30.5860050201416,-44.597998809814456,-47.4870002746582
179,FCX,-5.7049998283386225,-11.683999347686767,-7.540999126434326,-5.878000259399414,-8.895999813079834,-8.961000156402587,-3.3689973831176756,-6.006997966766357,-3.973999691009521
180,FDX,-2.3499900817871096,-7.257993316650369,-3.802000427246094,24.01800079345703,-1.7169967651367186,-0.36599273681640626,-2.366001892089844,-0.08800048828125,0.8799919128417969
181,FE,0.0,0.0,0.0,0.0,0.0,0.0,0.0,0.0,0.0
182,FFIV,-10.625007629394531,-17.913008880615234,0.28999481201171873,-12.082003021240235,-9.602999877929687,-7.648001861572265,-16.69100341796875,-21.789008331298827,-23.436006927490237
183,FIS,5.722006225585938,8.942002868652343,2.443003845214844,1.072003173828125,8.210002136230468,10.962001037597656,9.718002319335938,5.041004943847656,8.591999816894532
184,FISV,-1.9279991149902345,0.5319984436035157,6.306995391845681,6.26200027465818,3.874001312255836,-1.4659988403320312,1.5380020141601562,-3.335000610351563,5.0979980468749995
185,FITB,-8.238998413085938,6.323001384735108,0.454000186920166,-0.15499982833862305,0.03900012969970704,0.5239994049072266,9.768001937866188,19.13599977493286,22.593006038665774
186,FLT,40.75899047851563,31.53799896240234,72.75999755859375,94.31800384521485,84.78799591064453,102.06200103759767,109.818994140625,104.80700378417968,128.56499938964842
187,FMC,1.6899993896484375,0.7709991455078125,3.390999603271484,0.4989990234375,-0.09600067138671875,0.255999755859375,0.14900054931640624,0.5400009155273438,1.0169990539550782
188,FOX,0.7099988937377929,-2.0150020599365237,-2.890000152587891,-4.446001815795898,-4.002000427246094,-3.0790000915527345,-3.590401649475097,-3.7359996795654298,-2.649001502990723
189,FOXA,0.0,0.0,0.0,0.0,0.0,0.0,0.0,0.0,0.0
190,FRC,0.0,0.0,0.0,0.0,0.0,0.0,0.0,0.0,0.0
191,FRT,-0.06999969482421875,0.5230003356933594,0.7430000305175781,0.9420005798339844,1.1810005187988282,2.9730003356933596,5.6230003356933596,5.775,5.152000427246094
192,FTNT,-0.3609954833984375,-1.1820045471191407,1.2819976806640625,-8.989997863769531,-6.487998199462891,-6.006002807617188,0.44500045776367186,-3.4620018005371094,-12.377996063232422
193,FTV,7.491811752319336,-1.4275856018066406,-2.0679309844970706,-2.590250015258789,-2.5816265106201173,-0.7218521118164062,-0.4697780609130859,0.9062049865722656,-0.27292404174804685
194,GD,0.23200073242187502,2.171000671386719,5.4229995727539055,-24.789004516601562,2.545001220703125,3.7020004272460936,6.042999267578125,6.656999206542968,6.723999023437501
195,GE,-0.16899986267089845,-0.21399998664855957,-0.07999978065490723,0.05700011253356933,0.04400010108947754,0.06700024604797364,0.06299996376037598,0.0830002784729004,0.13100008964538576
196,GILD,-0.20699996948242189,0.46999969482421877,-0.847999954223633,-0.8940006256103515,-1.4309993743896485,-1.9510005950927733,-1.5440002441406249,-1.8430011749267579,0.6549995422363281
197,GIS,1.935999298095703,0.30300140380859375,0.10399894714355469,0.05399894714355469,-0.6850002288818359,0.7230003356933593,0.877999496459961,-0.30900001525878906,-0.2759994506835937
198,GL,-3.894994354248047,1.5160011291503908,-3.079998016357422,1.2279983520507811,3.5610031127929687,9.590999603271484,12.481002807617188,14.00999984741211,11.950001525878907
199,GLW,-13.480010223388671,-6.70000114440918,-12.07300682067871,-2.6750053405761833,-2.253001022338867,-10.168999099731444,-2.428999900817871,-5.603005790710461,-3.8050003051757812
200,GM,-7.300998878478982,8.595001983642556,-14.133993530273425,-30.422996139526376,-18.679000854492163,-10.770994758605969,-18.58099784851074,-24.537996292114258,-10.254998588562012
201,GNRC,1.169989776611328,-30.212002563476563,-23.422003936767577,-40.459005737304686,-31.817003631591806,-22.650003814697264,-19.837997436523438,-20.09999771118164,-34.442996978759766
202,GOOG,-167.7347412109375,-165.20452880859375,-147.13972167968748,-203.12603759765625,-145.16495361328126,-153.52410888671875,-148.66650390625,-155.8649658203125,-151.4195556640625
203,GOOGL,-104.8750244140625,-97.42110595703124,-175.9639892578125,-166.086962890625,-153.10494384765624,-159.24897460937498,-164.21402587890626,-153.2889892578125,-191.77197265625
204,GPC,3.9250003814697267,3.2160022735595706,7.146999740600586,9.027000045776369,8.443000411987304,8.25900001525879,8.266997909545898,7.268001937866211,7.032999038696289
205,GPN,-13.027000427246094,6.755006408691407,-6.607997131347656,-3.2679977416992188,-1.2369979858398665,14.835000610351562,-0.877001953125,2.4220016479492186,4.1290023803710945
206,GPS,-4.3259961128234865,3.585004425048828,10.46700210571289,10.646004867553712,8.662003326416015,5.046001815795898,6.342002868652344,11.963006210327148,11.702004623413085
207,GRMN,-9.657002258300782,0.11299972534179686,4.530996704101563,0.24599075317382812,-1.7040000915527345,-2.0900001525878906,-1.2649993896484375,-1.4669998168945313,-1.5329994201660158
208,GS,-1.8159973144531252,-14.457992553710938,-9.108999633789063,-11.235000610351562,-19.232998657226563,-8.226000976562501,-6.25899658203125,-0.8459991455078124,-2.1469970703125
209,GWW,5.2050048828125,4.161007690429687,7.6899963378906255,1.369000244140625,15.461001586914064,16.319003295898437,10.979010009765625,1.9660018920898323,6.988003540039063
210,HAL,2.7950016021728517,7.088000869750976,6.495000648498535,9.719001960754396,12.117001342773436,15.687999868392943,9.912000751495361,9.636001300811769,13.625000619888306
211,HAS,-0.36800155639648435,-0.6379997253417969,-0.21199951171875,-0.17900009155273439,-0.9220001220703125,-1.032000732421875,-1.901000213623047,-0.060999298095703126,-0.4569999694824219
212,HBAN,3.3300011634826663,-8.024994754791273,-10.667997407913209,-17.012997817993163,-20.065996170043945,-25.503997230529784,-3.2290005683898926,-10.765999794006348,-17.51099967956543
213,HBI,-1.2760016441345214,-1.6479990959167368,1.631002426147461,1.4009994506835937,1.5470016479492188,0.4569996833801269,-2.66400146484375,-4.101004981994629,-0.6759995460510254
214,HCA,-5.5419975280761715,-5.278003692626953,-5.414998626708984,-4.967995452880859,-7.409000396728516,-14.259997558593751,-10.685999298095702,-15.736992645263673,-11.443995666503884
215,HD,-4.578001403808571,-13.401997375488259,-22.317994689941408,-17.956997680664063,-17.653004455566386,-12.43399200439451,-21.005003356933592,-10.392996215820313,-11.554008483886696
216,HES,-16.409996032714844,-18.77799758911133,-14.020001602172853,-17.690000915527342,-18.10299606323242,-12.933996200561523,-0.5569972991943359,-17.63599853515625,-15.360998153686523
217,HIG,-1.541995620727539,11.638005447387695,14.986009216308593,3.4780055999755857,-33.231990814208984,38.27500953674316,24.563008880615232,25.324005126953125,9.280000686645531
218,HII,9.062002563476563,-15.009999084472655,9.725997924804688,5.746002197265625,-0.055998229980468744,-1.775,-1.9530029296875,4.177999877929688,12.123997497558593
219,HLT,1.880999755859375,4.31500015258789,4.274000549316407,4.909001922607422,4.576000213623047,8.523001098632813,11.672000885009766,8.433000946044922,8.404000854492187
220,HOLX,0.20000038146972657,0.04800148010253906,1.0779998779296873,1.2480003356933593,0.49799995422363286,0.30300140380859375,-0.9669998168945312,-1.8140010833740234,-2.1729995727539064
221,HON,1.1300048828125,3.682000732421875,3.0880035400390624,2.530003356933594,6.420005798339844,10.133003234863281,11.903007507324219,6.409999084472656,9.556005859375
222,HPE,0.17800016403198243,0.10200004577636719,0.23700017929077147,0.20300006866455078,0.24300012588500977,0.24200029373168944,0.2600001335144043,0.3359999656677246,0.5860000610351562
223,HPQ,7.956007575988769,0.45400333404541016,6.975003433227539,3.487002468109131,-0.26099576950073244,5.4330058097839355,6.923004150390626,2.9550065040588382,4.486999225616455
224,HRL,-5.443996810913086,-6.665998840332031,-9.327999877929676,-12.101999664306641,-9.262999725341798,-9.91500358581543,-8.787000274658203,-9.519997406005858,-9.229001998901367
225,HSIC,-1.5020027160644531,-0.20899696350097657,1.2110004425048828,4.911003112792969,8.300996017456054,6.891001892089845,3.852000427246094,6.886005020141601,8.640996170043945
226,HST,4.616999721527099,5.5520001411437985,5.033000564575196,6.29299955368042,10.254998779296876,5.934000492095947,8.13299980163574,6.653998947143555,3.8880002021789553
227,HSY,-4.917003631591797,-4.181002044677734,-6.773001098632812,-7.0280006408691404,-3.1550010681152347,-4.004000091552734,-1.5540000915527343,-3.3270004272460936,-8.109000396728517
228,HUM,-14.704997253418014,6.1220245361328125,-22.16498718261721,-38.215988159179695,-7.903997802734397,-1.3549957275390625,-10.603009033203124,12.143017578124999,21.160989379882814
229,HWM,0.5740001678466797,0.9560001373291016,1.1990001678466797,1.399000072479248,1.4610000610351563,1.3120000839233397,1.6900000572204592,1.6410000801086428,1.6710000991821288
230,IBM,3.5860000610351563,7.569996643066383,9.972999572753906,10.473996734619117,11.609998321533203,21.13000335693357,24.601998901367185,25.233003234863283,27.82500534057617
231,ICE,-1.7950012207031252,-2.2510002136230467,-1.7209976196289063,-1.5720001220703126,-3.428000640869141,-1.9099990844726564,0.38500137329101564,-2.7309967041015626,-1.7279991149902343
232,IDXX,7.0299926757812505,-3.815985107421875,-14.426998901367188,2.79100341796875,1.36300354003904,-0.6430023193359375,6.951000976562501,1.41199951171875,-1.885997009277344
233,IEX,-1.6940017700195313,-3.0350006103515623,-2.9170013427734376,-2.9589996337890625,-2.8610015869140626,-3.8569961547851563,-4.333998107910157,-5.943997192382812,-3.031999206542969
234,IFF,-11.71199951171875,-1.31201171875,5.1670059204101335,18.816001892089844,1.720001220703125,12.86900558471682,-2.1230010986328125,5.048001861572265,52.92501296997071
235,ILMN,27.801989746093753,1.1759963989257358,-3.21199645996096,16.548016357421876,-8.977999877929687,0.6419891357421875,-1.7260223388671874,-31.00900268554688,-31.043008422851564
236,INCY,-1.4649925231933594,-5.682006072998047,-7.583001708984375,2.0739990234374996,6.596001434326173,5.6439971923828125,5.545997619628906,17.516999816894533,13.14699935913086
237,INFO,8.350999450683593,8.670999145507812,10.575994873046875,15.717504119873047,14.384994888305663,24.155003356933594,18.52299346923828,20.605998992919922,25.783995056152342
238,INTC,10.948991775512695,8.000001907348656,8.171995162963844,13.238000869750977,19.665002059936523,6.466000366210937,30.369002914428712,28.33699722290039,16.30500144958496
239,INTU,1.1139984130859375,-8.407998657226585,-9.960998535156271,3.265000915527321,-1.477001953125,-11.980003356933594,-21.165995788574218,-32.5889892578125,-37.89698944091796
240,IP,-3.5930051803588636,-4.673000335693359,-4.0240013122558596,1.0379981994628906,-1.2080020904541016,-0.9800003051757813,-0.16299991607666017,-0.7510002136230469,-0.31099987030029297
241,IPG,4.159994792938233,-3.4969973564147954,0.6119959831237793,9.048006439208985,8.838005352020263,15.034002017974855,22.866009521484376,12.229004955291748,16.142992305755616
242,IPGP,-3.9019973754882815,-5.0449981689453125,-4.563997650146484,-1.4399986267089844,-5.532997894287109,-2.1719985961914063,-8.892997741699219,-9.38300018310547,-6.800001525878906
243,IQV,0.36199493408203126,13.241000366210937,11.515992736816406,16.46599578857422,6.019998168945313,0.4619964599609375,15.020993041992186,14.867996215820337,9.41300048828125
244,IR,-0.8060003280639648,-0.5050004959106446,1.2449989318847656,1.0579998016357424,0.03900012969970704,0.23999996185302733,0.3000003814697266,0.4909997940063477,0.3190000534057617
245,IRM,-0.4020002365112305,-0.30900115966796876,-2.336000442504883,-1.6780006408691408,-1.3570001602172852,-0.9129997253417967,-0.48499984741210933,-0.2269998550415039,-0.4479997634887696
246,ISRG,9.022003173828125,26.70196838378906,-9.865008544921874,-3.485980224609375,-7.838018798828125,-21.29600830078125,-16.023028564453128,-10.623016357421966,-19.999005126953126
247,IT,1.6339981079101562,1.7839950561523439,1.5699920654296877,-0.014003753662109375,-7.2749992370605465,-2.3519973754882812,0.9449974060058594,3.028996276855469,3.6079963684082035
248,ITW,-4.035003662109352,1.2419921875,7.045994567871093,10.527993774414062,11.554000854492188,17.033997344970704,9.248995971679687,10.332994079589843,8.804995727539062
249,IVZ,-1.0599997520446778,-2.1679998874664306,-1.213999605178833,-1.8719997882843016,-0.14899978637695313,-0.1280000686645508,2.1740000724792483,3.6139994621276856,3.5360007286071777
250,J,-0.5670013427734375,-3.134996032714844,-1.1340011596679687,-1.4719993591308593,-2.6959991455078125,-1.4909988403320311,0.869000244140625,-8.780999755859376,-6.274993896484375
251,JBHT,-2.5439964294433595,-3.174997711181641,1.004998016357422,3.3260009765625003,-1.8449981689453123,-1.2449974060058595,-1.54599609375,-3.3499984741210938,-7.293997955322265
252,JCI,-2.300999641418457,-1.4670007705688477,-1.2369998931884765,-1.8550006866455078,-2.3069995880126952,-3.4570005416870115,-2.6199996948242186,-2.101000213623047,-2.0499996185302733
253,JKHY,3.416993713378906,2.3009979248046877,8.320994567871095,4.401997375488281,-1.2390075683593749,-3.2410049438476562,0.0579925537109375,-1.4630050659179688,-0.9729995727539062
254,JNJ,-7.768999481201172,-5.716999053955078,-1.1080047607421877,6.801993560791016,9.358993530273438,10.102999877929687,13.885992431640625,16.118998718261718,15.218997955322266
255,JNPR,0.8000061035156251,0.5530021667480469,0.07800674438476562,2.7810031890869142,8.524005889892578,8.163004112243652,7.056005859375,4.424002265930175,3.4740013122558597
256,JPM,4.821997833251953,6.346998596191407,-6.087009429931641,-8.164009094238281,-14.783002471923828,-15.43499984741211,-22.452002716064452,-14.933005523681642,-13.48101119995117
257,K,-2.1959938049316405,-1.5219913482666017,1.4600067138671875,-0.9529930114746094,1.620004653930664,0.63800048828125,1.9739994049072265,0.7470005035400391,-6.961995697021485
258,KEY,4.215001010894776,19.15500202178955,8.604000568389893,13.004001235961915,14.824999523162841,11.841003227233887,0.21200075149536132,5.222002696990967,6.002000427246093
259,KEYS,-3.393003845214844,-5.4729972839355465,-5.555001068115235,-4.091004943847657,-2.6270034790039065,0.9839950561523437,-2.335003662109375,-1.8429962158203126,-5.45999755859375
260,KHC,0.8090003967285156,1.110997772216797,1.7339973449707031,1.986001205444336,2.2430004119873046,2.171000289916992,2.5239999771118167,2.597998428344727,2.563998794555664
261,KIM,0.454000186920166,0.49700002670288085,0.551999855041504,0.8630000114440918,0.8000006675720215,1.0529999732971191,1.0570000648498536,0.921000099182129,1.1099999427795408
262,KLAC,-7.8760131835937495,0.28599090576171876,1.3369964599609376,2.8599945068359376,-3.3260009765625003,-14.580001831054688,5.6999969482421875,-3.2130035400390624,-9.250009155273437
263,KMB,-0.1050048828125,1.3699966430664063,2.230998229980469,5.203997802734375,3.8059967041015623,5.532003784179688,3.8379974365234375,0.18199615478515624,0.364996337890625
264,KMI,-2.72500057220459,-6.882000350952149,-6.8920000076293935,-4.169000816345215,-1.2269990921020508,-0.1869990348815918,0.09300069808959961,3.0949985504150392,1.159998607635498
265,KMX,12.732006072998047,-5.146994018554688,8.549005889892602,-2.5250083923339846,-4.2689964294433596,5.528014373779297,15.88300018310547,39.77899398803713,45.045003509521464
266,KO,-4.102999114990234,-2.532998275756836,-4.914002227783203,-13.626998519897459,-0.37899665832519536,2.6419979095458985,3.4049995422363284,1.3659961700439454,3.9919986724853516
267,KR,0.3670017242431641,-0.5879985809326171,-0.15199851989746094,4.848997497558594,-0.28799915313720703,0.11700000762939454,0.4810009002685547,-1.5289987564086913,-1.7749990463256835
268,KSU,2.060995483398426,-0.7479995727539063,-2.102001953125,-3.683998107910156,-3.5929992675781253,-3.4259994506835936,-1.7650009155273438,-1.4759994506835938,-2.0279998779296875
269,L,2.661000442504883,8.211998748779296,6.0639995574951175,5.916998672485352,7.7099971771240225,12.547997665405273,10.647999572753907,12.097998428344727,9.604999160766601
270,LDOS,0.4750007629394531,0.9260009765625,0.46999969482421877,-1.4010002136230468,-0.41100006103515624,-1.1160011291503906,-1.8349998474121092,-1.2069992065429687,0.019000244140625
271,LEG,0.36000022888183597,0.33600006103515623,0.07100028991699218,-0.25299987792968753,-0.22700004577636718,-0.1289997100830078,0.053000259399414065,0.0970001220703125,0.419000244140625
272,LEN,-2.1180007934570315,-2.533000946044922,-2.046001434326172,-3.2940017700195314,-3.713999938964844,-3.0990005493164063,-3.4889991760253904,-3.0769996643066406,-2.65
273,LH,-0.28200531005859375,-8.112007141113281,-0.660003662109375,0.25799560546875,1.4969940185546875,6.107991027832031,14.026997375488282,20.357000732421877,7.520991516113281
274,LHX,-0.0019927978515625,-6.7509918212890625,4.813002014160156,3.2589981079101564,9.111997985839844,11.952001953124999,14.512998962402342,8.041999816894531,1.8260009765625003
275,LIN,-8.495997619628906,4.778993225097656,-7.5739990234375,-0.9220062255859375,24.2940002441406,26.210997009277342,4.111997985839844,3.8959991455078127,1.7129989624023438
276,LKQ,0.01700010299682617,-0.4439997673034668,-0.6410002708435059,-0.6989996910095214,-1.186999797821045,-1.2789998054504395,-0.8449999809265137,-0.8279999732971192,-1.2380000114440917
277,LLY,-3.3659980773925784,-6.474996948242187,-7.60799560546875,-9.302000427246092,-9.059001922607422,-7.894993591308594,-9.213996887207031,-9.636000061035157,-11.196998596191406
278,LMT,-5.288015747070313,-4.169012451171875,-8.04200439453125,0.7989959716796875,14.744995117187502,32.68599243164063,19.85398254394531,37.915985107421875,58.570001220703126
279,LNC,-19.08599853515625,-30.287995147705075,-15.832002258300793,3.6350048065185545,-19.41999969482422,-10.048999786376953,7.124000549316406,-12.187997817993164,-13.009996795654308
280,LNT,0.0,0.0,0.0,0.0,0.0,0.0,0.0,0.0,0.0
281,LOW,-22.390997314453127,-21.353001403808594,-11.857003784179687,-2.7889991760253907,-9.648000335693359,7.290996551513672,9.887997436523438,9.474000549316406,10.58499755859375
282,LRCX,-8.77099609375,-6.950997924804687,-6.5840087890625,-9.394009399414061,-32.52800598144531,-39.76300354003906,-18.240994262695313,-27.801007080078126,-38.49900817871094
283,LUMN,-0.5019996643066407,-0.1819997787475586,-0.25599985122680663,-0.1840001106262207,-0.490000057220459,-0.46000003814697266,-0.20100002288818358,-0.3399998664855957,-0.4329998970031738
284,LUV,-2.4150020599365236,-2.0720008850097655,-1.1710018157958983,-0.6689998626708984,0.2639993667602539,0.879998779296875,-0.9870023727416991,-0.9450017929077148,-0.8590005874633788
285,LVS,0.0,0.0,0.0,0.0,0.0,0.0,0.0,0.0,0.0
286,LW,0.8970077514648438,4.247004699707031,3.6099990844726566,2.8400039672851562,1.4180015563964845,2.8450019836425784,4.8100028991699215,5.8300018310546875,2.9530059814453122
